<?xml version="1.0" ?>
<LOG_ROOT>
	<PROJECT NAME="ALU">
		<CBX_INST_ENTRY INSTANCE_NAME="|MYALU|Mux8_1:comb_13|lpm_mux:Mux0" CBX_FILE_NAME="mux_3nc.tdf"/>
		<CBX_INST_ENTRY INSTANCE_NAME="|MYALU|Mux8_1:comb_13|lpm_mux:Mux2" CBX_FILE_NAME="mux_3nc.tdf"/>
		<CBX_INST_ENTRY INSTANCE_NAME="|MYALU|Mux8_1:comb_13|lpm_mux:Mux4" CBX_FILE_NAME="mux_3nc.tdf"/>
		<CBX_INST_ENTRY INSTANCE_NAME="|MYALU|Mux8_1:comb_13|lpm_mux:Mux6" CBX_FILE_NAME="mux_3nc.tdf"/>
		<CBX_INST_ENTRY INSTANCE_NAME="|MYALU|Mux8_1:comb_13|lpm_mux:Mux1" CBX_FILE_NAME="mux_3nc.tdf"/>
		<CBX_INST_ENTRY INSTANCE_NAME="|MYALU|Mux8_1:comb_13|lpm_mux:Mux3" CBX_FILE_NAME="mux_3nc.tdf"/>
		<CBX_INST_ENTRY INSTANCE_NAME="|MYALU|Mux8_1:comb_13|lpm_mux:Mux5" CBX_FILE_NAME="mux_3nc.tdf"/>
		<CBX_INST_ENTRY INSTANCE_NAME="|MYALU|Mux8_1:comb_13|lpm_mux:Mux7" CBX_FILE_NAME="mux_3nc.tdf"/>
	</PROJECT>
</LOG_ROOT>
